"id","status","totalAmount","paymentRequestId","payeeRef","createdAt","updatedAt","userId"
"0f3dfb0b-d10a-4794-94e5-933febe19a1a","completed","20000","/psp/paymentorders/c072b7d3-584a-46cc-d7eb-08dde0aa4331","PAY0f3dfb0bd10a461137419538hh","2025-08-25 09:22:14.341","2025-08-25 09:22:46.783","99838494-f142-44a3-892d-c372db90f93c"
"25404583-038a-4bb0-8a5d-6203df071a8b","completed","20000","/psp/paymentorders/13af301a-dbbb-4445-0cec-08dde0aaaa8f","PAY25404583038a46118145616xuz","2025-08-25 10:35:39.784","2025-08-25 10:36:11.857","99838494-f142-44a3-892d-c372db90f93c"
"2a5d3e2b-51a6-4147-84bd-9a19ff2da64e","completed","0",,,"2025-08-25 10:08:00.702","2025-08-25 10:08:04.904","c59d5d50-964f-464e-914b-db2466c1b85f"
"39e51640-8c2e-412b-ae85-fcb8a14c9c99","completed","20000","/psp/paymentorders/550edc79-3ef0-4a7e-0b9b-08dde0aaaa8f","PAY39e516408c2e46114872903jgz","2025-08-25 09:41:01.904","2025-08-25 09:42:10.842","99838494-f142-44a3-892d-c372db90f93c"
"3bc872a1-0483-4096-b1be-30b8de10e0ee","completed","0",,,"2025-08-25 10:06:41.208","2025-08-25 10:06:45.596","c59d5d50-964f-464e-914b-db2466c1b85f"
"416735e1-0957-487c-a8b1-36f8461d46e3","completed","20000","/psp/paymentorders/01769ba0-9a3e-47fb-0c0b-08dde0aaaa8f","PAY416735e10957461166377678m9","2025-08-25 10:10:31.966","2025-08-25 10:11:24.035","99838494-f142-44a3-892d-c372db90f93c"
"6d8b3f3f-f502-4441-8874-df5ff52d5272","completed","0",,,"2025-08-25 09:21:37.861","2025-08-25 09:21:45.304","99838494-f142-44a3-892d-c372db90f93c"
"7678e1ad-ac75-4302-af83-0e189a9e2fcc","completed","0",,,"2025-08-25 10:02:33.838","2025-08-25 10:02:39.509","4238dd9a-f7f5-47a0-bd19-f9eea166f841"
"85c27db4-59bb-47b9-98c4-e8e0eb3de360","completed","0",,,"2025-08-25 04:09:03.26","2025-08-25 04:09:10.736","511b206c-1046-4aaa-a6bd-9a5fe1f3970f"
"9d20ec3f-305a-447c-a743-58df97ce5eb5","completed","0",,,"2025-08-25 05:35:54.606","2025-08-25 05:36:00.429","495796c7-c5f0-4e25-a949-4d0db3966480"
"b0574ed6-0467-43b5-a26b-7c9605eeacff","completed","0",,,"2025-08-25 05:06:16.802","2025-08-25 05:06:22.316","511b206c-1046-4aaa-a6bd-9a5fe1f3970f"
"c29e4b06-e164-4db7-bab8-fa182d8a72cb","completed","0",,,"2025-08-25 09:57:21.512","2025-08-25 09:57:25.857","09266ce5-ae5d-41b9-990e-e15421354587"
"c7406cf8-90b9-4e5e-abd7-56f5c0bd6484","completed","0",,,"2025-08-25 04:22:06.065","2025-08-25 04:50:20.696","511b206c-1046-4aaa-a6bd-9a5fe1f3970f"
"e26ca546-26aa-412c-abf7-708f183d7160","completed","0",,,"2025-08-25 05:04:31.994","2025-08-25 05:04:36.496","511b206c-1046-4aaa-a6bd-9a5fe1f3970f"
"e43f59bb-4674-4be1-824b-218285890bf9","completed","0",,,"2025-08-25 10:07:31.854","2025-08-25 10:07:36.543","c59d5d50-964f-464e-914b-db2466c1b85f"