"id","type","productId","eventId"
"05918617-e4cf-45ff-97d8-205fddb7f931","standard","1e8c7768-ccd1-45da-b403-b9f595feef60","df77632d-31dc-4657-b3fd-e4be18e64371"
"072d291f-90c8-4155-9a3c-64fb507012ee","standard","7f14a109-8260-4292-a88f-99748f0461c7","ad8bfde2-138c-4d7a-b777-77fcfc84a903"
"1b89bf4b-bd50-4eb7-9a38-e85b3253cf5a","volunteer","233fbb63-f539-4839-85c9-8cb71521e6c8","ad8bfde2-138c-4d7a-b777-77fcfc84a903"
"3d6a0a0b-92b0-4b85-8f08-1b101f9a16e4","volunteer","6451cb67-f548-4327-80e0-e5a51e8c6891","c79ea244-0731-416e-b4f3-b3aaf95f6827"
"441b7cd0-19c7-43c7-bb88-b4db9bea6a8e","volunteer","2eb4db0f-729a-4bea-aec6-9e4e37261b10","df77632d-31dc-4657-b3fd-e4be18e64371"
"441fb157-deed-4146-959a-7cfc6f167e1e","standard","8ac31708-13e4-4cde-92f0-ceaec2a77ece","c79ea244-0731-416e-b4f3-b3aaf95f6827"
"63f55719-c69c-47bd-b004-ecc4bceaa2a9","standard","df4ac60a-fb23-4874-bee4-7a87e9dfbaf3","9249e96a-7ec5-47d2-9226-fe2aeb5e22f6"
"6c8c462b-ce0b-4bfb-a6ba-5e8984fc0c26","volunteer","b8950d3a-f550-4e3e-95ec-5319fedd20e8","2a82f05e-268d-4e33-9775-2372651d708f"
"b53f1ee7-902b-4245-973e-ffa484f33b1f","standard","f4301722-a552-42b8-baf8-dacc45e3a159","2a82f05e-268d-4e33-9775-2372651d708f"
"f30ab384-01a7-4e09-8683-121af6a32ab4","volunteer","f3ea7469-e8d7-479f-8a4f-88661ce8940a","9249e96a-7ec5-47d2-9226-fe2aeb5e22f6"